language,village,segments,n
Agul,Burkikhan,a,241
Agul,Burkikhan,á,112
Agul,Burkikhan,ä,7
Agul,Burkikhan,ḁ,1
Agul,Burkikhan,aˤ,9
Agul,Burkikhan,b,39
Agul,Burkikhan,c,11
Agul,Burkikhan,č,28
Agul,Burkikhan,č̃,2
Agul,Burkikhan,c',19
Agul,Burkikhan,č',28
Agul,Burkikhan,c'ʷ,1
Agul,Burkikhan,č'ʷ,1
Agul,Burkikhan,cː,1
Agul,Burkikhan,čː,3
Agul,Burkikhan,d,44
Agul,Burkikhan,e,69
Agul,Burkikhan,é,23
Agul,Burkikhan,f,18
Agul,Burkikhan,g,37
Agul,Burkikhan,gʲ,2
Agul,Burkikhan,gʷ,7
Agul,Burkikhan,h,4
Agul,Burkikhan,ʜ,21
Agul,Burkikhan,i,91
Agul,Burkikhan,í,41
Agul,Burkikhan,iˤ,2
Agul,Burkikhan,j,43
Agul,Burkikhan,k,29
Agul,Burkikhan,k',31
Agul,Burkikhan,k'ʲ,9
Agul,Burkikhan,k'ʷ,5
Agul,Burkikhan,kː,22
Agul,Burkikhan,kːʲ,2
Agul,Burkikhan,kːʷ,4
Agul,Burkikhan,kʲ,1
Agul,Burkikhan,kʷ,5
Agul,Burkikhan,l,136
Agul,Burkikhan,m,82
Agul,Burkikhan,n,93
Agul,Burkikhan,p,11
Agul,Burkikhan,p',7
Agul,Burkikhan,pː,4
Agul,Burkikhan,q,13
Agul,Burkikhan,q',43
Agul,Burkikhan,q'ʷ,3
Agul,Burkikhan,qː,32
Agul,Burkikhan,qːʲ,2
Agul,Burkikhan,qːʷ,5
Agul,Burkikhan,qʲ,3
Agul,Burkikhan,qʷ,2
Agul,Burkikhan,r,172
Agul,Burkikhan,ř,9
Agul,Burkikhan,ʁ,17
Agul,Burkikhan,ʁʷ,3
Agul,Burkikhan,s,39
Agul,Burkikhan,š,33
Agul,Burkikhan,šʷ,2
Agul,Burkikhan,t,29
Agul,Burkikhan,t',32
Agul,Burkikhan,t'ʷ,1
Agul,Burkikhan,tː,20
Agul,Burkikhan,u,170
Agul,Burkikhan,ú,57
Agul,Burkikhan,ü,17
Agul,Burkikhan,ǘ,1
Agul,Burkikhan,úˤ,1
Agul,Burkikhan,w,51
Agul,Burkikhan,x,14
Agul,Burkikhan,x̌,15
Agul,Burkikhan,xʲ,4
Agul,Burkikhan,z,34
Agul,Burkikhan,ǯ,28
Agul,Burkikhan,ʔ,5
Agul,Burkikhan,ʕ,1
Agul,Burkikhan,ʡ,30
Agul,Burkikhan,χ,52
Agul,Burkikhan,χʷ,9
Agul,Burkikhan,NA,21
Agul,Burshag,a,217
Agul,Burshag,á,87
Agul,Burshag,ḁ,2
Agul,Burshag,aˤ,11
Agul,Burshag,áˤ,1
Agul,Burshag,b,28
Agul,Burshag,c,10
Agul,Burshag,č,25
Agul,Burshag,c̊,5
Agul,Burshag,c',21
Agul,Burshag,č',24
Agul,Burshag,c'ʷ,1
Agul,Burshag,cː,3
Agul,Burshag,čː,3
Agul,Burshag,cʷ,1
Agul,Burshag,d,28
Agul,Burshag,dʷ,2
Agul,Burshag,e,51
Agul,Burshag,é,26
Agul,Burshag,e̥,3
Agul,Burshag,f,10
Agul,Burshag,fː,3
Agul,Burshag,g,35
Agul,Burshag,gʷ,6
Agul,Burshag,h,9
Agul,Burshag,ʜ,20
Agul,Burshag,i,89
Agul,Burshag,í,49
Agul,Burshag,i̥,1
Agul,Burshag,j,45
Agul,Burshag,k,34
Agul,Burshag,k',45
Agul,Burshag,k'ʷ,7
Agul,Burshag,kː,26
Agul,Burshag,kːʷ,3
Agul,Burshag,kʷ,3
Agul,Burshag,l,131
Agul,Burshag,m,89
Agul,Burshag,n,93
Agul,Burshag,ɵ,1
Agul,Burshag,p,9
Agul,Burshag,p',2
Agul,Burshag,pː,4
Agul,Burshag,q,3
Agul,Burshag,q',28
Agul,Burshag,q'ʷ,4
Agul,Burshag,q'ˤ,12
Agul,Burshag,qː,19
Agul,Burshag,qːʷ,1
Agul,Burshag,qːʷˤ,1
Agul,Burshag,qːˤ,4
Agul,Burshag,qʷ,1
Agul,Burshag,qʷˤ,1
Agul,Burshag,qˤ,7
Agul,Burshag,r,205
Agul,Burshag,ř,15
Agul,Burshag,ʁ,5
Agul,Burshag,ʁʷ,1
Agul,Burshag,s,22
Agul,Burshag,š,33
Agul,Burshag,s̊,1
Agul,Burshag,sː,17
Agul,Burshag,šː,6
Agul,Burshag,s̊ː,3
Agul,Burshag,sːʷ,1
Agul,Burshag,sʷ,1
Agul,Burshag,t,25
Agul,Burshag,t',29
Agul,Burshag,t'ʷ,2
Agul,Burshag,tː,12
Agul,Burshag,tːʷ,1
Agul,Burshag,tʷ,1
Agul,Burshag,u,195
Agul,Burshag,ú,61
Agul,Burshag,ú̥,1
Agul,Burshag,ü,5
Agul,Burshag,w,46
Agul,Burshag,x,3
Agul,Burshag,x̌,11
Agul,Burshag,xː,2
Agul,Burshag,xʲ,1
Agul,Burshag,z,34
Agul,Burshag,ž,1
Agul,Burshag,ǯ,18
Agul,Burshag,ʒ̊,2
Agul,Burshag,ʔ,3
Agul,Burshag,ʕ,28
Agul,Burshag,ʕʷ,1
Agul,Burshag,ʡ,17
Agul,Burshag,χ,56
Agul,Burshag,χʷ,5
Agul,Burshag,χˤ,2
Agul,Burshag,NA,34
Agul,Fite,a,208
Agul,Fite,á,92
Agul,Fite,aˤ,2
Agul,Fite,b,61
Agul,Fite,bʷ,1
Agul,Fite,c,13
Agul,Fite,č,24
Agul,Fite,c',21
Agul,Fite,č',23
Agul,Fite,cː,1
Agul,Fite,čː,4
Agul,Fite,d,53
Agul,Fite,e,47
Agul,Fite,é,10
Agul,Fite,eˤ,1
Agul,Fite,f,14
Agul,Fite,g,36
Agul,Fite,gʲ,2
Agul,Fite,gʷ,3
Agul,Fite,h,12
Agul,Fite,ʜ,8
Agul,Fite,i,120
Agul,Fite,í,56
Agul,Fite,j,42
Agul,Fite,k,32
Agul,Fite,k',36
Agul,Fite,k'ʲ,7
Agul,Fite,k'ʷ,4
Agul,Fite,k'ʷʲ,2
Agul,Fite,kː,23
Agul,Fite,kːʷ,4
Agul,Fite,kʲʷ,1
Agul,Fite,kʷ,2
Agul,Fite,l,116
Agul,Fite,m,86
Agul,Fite,n,89
Agul,Fite,p,12
Agul,Fite,p',3
Agul,Fite,pː,6
Agul,Fite,q,10
Agul,Fite,q',30
Agul,Fite,q'ʷ,6
Agul,Fite,q'ˤ,7
Agul,Fite,qː,30
Agul,Fite,qːʷ,3
Agul,Fite,qːʷˤ,1
Agul,Fite,qːˤ,2
Agul,Fite,qʷ,3
Agul,Fite,qʷˤ,1
Agul,Fite,qˤ,5
Agul,Fite,r,178
Agul,Fite,ʁ,15
Agul,Fite,ʁʷ,4
Agul,Fite,ʁˤ,10
Agul,Fite,s,35
Agul,Fite,š,31
Agul,Fite,t,29
Agul,Fite,t',32
Agul,Fite,tː,22
Agul,Fite,u,176
Agul,Fite,ú,60
Agul,Fite,ü,19
Agul,Fite,ǘ,3
Agul,Fite,w,22
Agul,Fite,x,17
Agul,Fite,xʲ,4
Agul,Fite,xʷʲ,2
Agul,Fite,z,31
Agul,Fite,ž,1
Agul,Fite,ǯ,25
Agul,Fite,ʔ,15
Agul,Fite,ʕ,2
Agul,Fite,ʡ,3
Agul,Fite,χ,48
Agul,Fite,χʷ,5
Agul,Fite,χʷˤ,1
Agul,Fite,χˤ,13
Agul,Fite,NA,35
Agul,Richa,a,233
Agul,Richa,á,116
Agul,Richa,ḁ,3
Agul,Richa,aˤ,9
Agul,Richa,b,76
Agul,Richa,c,11
Agul,Richa,č,26
Agul,Richa,č̃,2
Agul,Richa,c',21
Agul,Richa,č',29
Agul,Richa,c'ʷ,1
Agul,Richa,č'ʷ,1
Agul,Richa,cː,1
Agul,Richa,čː,5
Agul,Richa,čːʷ,1
Agul,Richa,d,50
Agul,Richa,e,50
Agul,Richa,é,23
Agul,Richa,e̥,1
Agul,Richa,eˤ,1
Agul,Richa,f,22
Agul,Richa,g,40
Agul,Richa,gʲ,2
Agul,Richa,gʷ,3
Agul,Richa,h,4
Agul,Richa,ʜ,20
Agul,Richa,i,86
Agul,Richa,í,47
Agul,Richa,i̥,2
Agul,Richa,iˤ,2
Agul,Richa,j,40
Agul,Richa,k,30
Agul,Richa,k',36
Agul,Richa,k'ʲ,10
Agul,Richa,k'ʷ,6
Agul,Richa,kː,19
Agul,Richa,kːʲ,2
Agul,Richa,kːʷ,4
Agul,Richa,kʷ,3
Agul,Richa,l,138
Agul,Richa,m,89
Agul,Richa,n,98
Agul,Richa,p,11
Agul,Richa,p',2
Agul,Richa,pː,1
Agul,Richa,q,4
Agul,Richa,q',34
Agul,Richa,q'ʷ,6
Agul,Richa,q'ʷˤ,3
Agul,Richa,q'ˤ,17
Agul,Richa,qː,23
Agul,Richa,qːʷ,3
Agul,Richa,qːʷˤ,1
Agul,Richa,qːˤ,4
Agul,Richa,qʷ,1
Agul,Richa,qʷˤ,1
Agul,Richa,qˤ,13
Agul,Richa,r,177
Agul,Richa,ř,11
Agul,Richa,ʁ,14
Agul,Richa,ʁʷ,5
Agul,Richa,ʁˤ,3
Agul,Richa,s,38
Agul,Richa,š,39
Agul,Richa,sʷ,1
Agul,Richa,šʷ,1
Agul,Richa,t,29
Agul,Richa,t',36
Agul,Richa,tː,21
Agul,Richa,tːʷ,1
Agul,Richa,u,232
Agul,Richa,ú,57
Agul,Richa,ü,5
Agul,Richa,u̥,1
Agul,Richa,uˤ,1
Agul,Richa,w,19
Agul,Richa,x,16
Agul,Richa,x̌,16
Agul,Richa,xʲ,6
Agul,Richa,z,28
Agul,Richa,ž,24
Agul,Richa,zʷ,1
Agul,Richa,ǯ,1
Agul,Richa,ʔ,7
Agul,Richa,ʕ,19
Agul,Richa,χ,51
Agul,Richa,χʷ,6
Agul,Richa,χˤ,7
Agul,Richa,NA,29
Agul,Tpig,a,10
Agul,Tpig,á,6
Agul,Tpig,ä,13
Agul,Tpig,b,4
Agul,Tpig,č,3
Agul,Tpig,č',1
Agul,Tpig,č'ʷ,1
Agul,Tpig,čː,2
Agul,Tpig,d,4
Agul,Tpig,e,10
Agul,Tpig,é,1
Agul,Tpig,g,2
Agul,Tpig,gʲ,1
Agul,Tpig,gʷ,1
Agul,Tpig,h,1
Agul,Tpig,ʜ,13
Agul,Tpig,i,3
Agul,Tpig,í,3
Agul,Tpig,j,4
Agul,Tpig,k',2
Agul,Tpig,k'ʲ,1
Agul,Tpig,kʷ,1
Agul,Tpig,l,10
Agul,Tpig,m,9
Agul,Tpig,n,6
Agul,Tpig,p,1
Agul,Tpig,q,2
Agul,Tpig,q',3
Agul,Tpig,qː,5
Agul,Tpig,qʷ,2
Agul,Tpig,r,14
Agul,Tpig,ʁ,1
Agul,Tpig,s,1
Agul,Tpig,š,2
Agul,Tpig,šʷ,1
Agul,Tpig,tː,1
Agul,Tpig,u,19
Agul,Tpig,ü,7
Agul,Tpig,w,3
Agul,Tpig,z,1
Agul,Tpig,ǯ,1
Agul,Tpig,ʕ,13
Agul,Tpig,ʡ,13
Agul,Tpig,χ,2
Agul,Tpig,NA,4
Akhvakh,Tad_Magitl,a,427
Akhvakh,Tad_Magitl,ã,48
Akhvakh,Tad_Magitl,aː,4
Akhvakh,Tad_Magitl,ãː,1
Akhvakh,Tad_Magitl,b,58
Akhvakh,Tad_Magitl,c,3
Akhvakh,Tad_Magitl,č,37
Akhvakh,Tad_Magitl,c',4
Akhvakh,Tad_Magitl,č',32
Akhvakh,Tad_Magitl,c'ː,37
Akhvakh,Tad_Magitl,č'ː,5
Akhvakh,Tad_Magitl,c'ːʷ,3
Akhvakh,Tad_Magitl,č'ʷ,1
Akhvakh,Tad_Magitl,cː,17
Akhvakh,Tad_Magitl,čː,2
Akhvakh,Tad_Magitl,čʷ,3
Akhvakh,Tad_Magitl,d,34
Akhvakh,Tad_Magitl,e,182
Akhvakh,Tad_Magitl,ẽ,7
Akhvakh,Tad_Magitl,eː,6
Akhvakh,Tad_Magitl,ẽː,2
Akhvakh,Tad_Magitl,g,13
Akhvakh,Tad_Magitl,gʷ,6
Akhvakh,Tad_Magitl,h,30
Akhvakh,Tad_Magitl,hʷ,4
Akhvakh,Tad_Magitl,ʜ,12
Akhvakh,Tad_Magitl,i,327
Akhvakh,Tad_Magitl,ĩ,38
Akhvakh,Tad_Magitl,iː,1
Akhvakh,Tad_Magitl,ĩː,5
Akhvakh,Tad_Magitl,j,10
Akhvakh,Tad_Magitl,k,34
Akhvakh,Tad_Magitl,k',38
Akhvakh,Tad_Magitl,k'ː,14
Akhvakh,Tad_Magitl,k'ːʷ,1
Akhvakh,Tad_Magitl,k'ʷ,11
Akhvakh,Tad_Magitl,kʷ,15
Akhvakh,Tad_Magitl,l,54
Akhvakh,Tad_Magitl,ʟ,12
Akhvakh,Tad_Magitl,ʟ',21
Akhvakh,Tad_Magitl,ʟ'ː,38
Akhvakh,Tad_Magitl,ʟ'ːʷ,1
Akhvakh,Tad_Magitl,ʟː,27
Akhvakh,Tad_Magitl,ɬ,10
Akhvakh,Tad_Magitl,ɬː,5
Akhvakh,Tad_Magitl,ɬʷ,2
Akhvakh,Tad_Magitl,m,75
Akhvakh,Tad_Magitl,n,45
Akhvakh,Tad_Magitl,o,133
Akhvakh,Tad_Magitl,õ,3
Akhvakh,Tad_Magitl,oː,4
Akhvakh,Tad_Magitl,õː,3
Akhvakh,Tad_Magitl,p,2
Akhvakh,Tad_Magitl,q,14
Akhvakh,Tad_Magitl,q',28
Akhvakh,Tad_Magitl,q'ː,24
Akhvakh,Tad_Magitl,q'ːʷ,5
Akhvakh,Tad_Magitl,q'ʷ,7
Akhvakh,Tad_Magitl,qː,23
Akhvakh,Tad_Magitl,qʷ,1
Akhvakh,Tad_Magitl,r,126
Akhvakh,Tad_Magitl,ʁ,32
Akhvakh,Tad_Magitl,ʁʷ,5
Akhvakh,Tad_Magitl,s,3
Akhvakh,Tad_Magitl,š,49
Akhvakh,Tad_Magitl,sː,27
Akhvakh,Tad_Magitl,šː,7
Akhvakh,Tad_Magitl,šʷ,4
Akhvakh,Tad_Magitl,t,20
Akhvakh,Tad_Magitl,t',35
Akhvakh,Tad_Magitl,u,102
Akhvakh,Tad_Magitl,ũ,17
Akhvakh,Tad_Magitl,w,9
Akhvakh,Tad_Magitl,x,1
Akhvakh,Tad_Magitl,xː,8
Akhvakh,Tad_Magitl,xːʷ,2
Akhvakh,Tad_Magitl,xʷ,1
Akhvakh,Tad_Magitl,z,3
Akhvakh,Tad_Magitl,ž,26
Akhvakh,Tad_Magitl,ǯ,1
Akhvakh,Tad_Magitl,ʔ,2
Akhvakh,Tad_Magitl,ʕ,22
Akhvakh,Tad_Magitl,χ,16
Akhvakh,Tad_Magitl,χː,20
Akhvakh,Tad_Magitl,χːʷ,1
Akhvakh,Tad_Magitl,χʷ,6
Akhvakh,Tad_Magitl,NA,5
Andi,Andi,a,282
Andi,Andi,á,1
Andi,Andi,b,75
Andi,Andi,c,6
Andi,Andi,č,33
Andi,Andi,c',14
Andi,Andi,č',34
Andi,Andi,c'ː,34
Andi,Andi,č'ː,11
Andi,Andi,cː,8
Andi,Andi,čː,3
Andi,Andi,d,27
Andi,Andi,dː,1
Andi,Andi,e,96
Andi,Andi,g,27
Andi,Andi,gː,1
Andi,Andi,gʷ,4
Andi,Andi,ɢ,14
Andi,Andi,ɢʷ,7
Andi,Andi,h,54
Andi,Andi,i,312
Andi,Andi,ĩ,2
Andi,Andi,j,26
Andi,Andi,k,29
Andi,Andi,k',45
Andi,Andi,k'ː,4
Andi,Andi,k'ːʷ,1
Andi,Andi,k'ʷ,11
Andi,Andi,kː,7
Andi,Andi,kʷ,14
Andi,Andi,l,118
Andi,Andi,ʟ,9
Andi,Andi,ʟ',32
Andi,Andi,ɬ,27
Andi,Andi,ɬː,3
Andi,Andi,m,85
Andi,Andi,n,157
Andi,Andi,o,190
Andi,Andi,oˤ,1
Andi,Andi,p,10
Andi,Andi,q,18
Andi,Andi,q',23
Andi,Andi,q'ʷ,2
Andi,Andi,qʷ,2
Andi,Andi,r,172
Andi,Andi,ʁ,25
Andi,Andi,ʁʷ,4
Andi,Andi,s,34
Andi,Andi,š,32
Andi,Andi,sː,13
Andi,Andi,šː,11
Andi,Andi,t,17
Andi,Andi,t',24
Andi,Andi,u,201
Andi,Andi,ú,2
Andi,Andi,ũ,1
Andi,Andi,w,13
Andi,Andi,z,12
Andi,Andi,ž,19
Andi,Andi,ǯ,2
Andi,Andi,ʔ,6
Andi,Andi,χ,22
Andi,Andi,χː,13
Andi,Andi,χːʷ,1
Andi,Andi,χʷ,8
Andi,Andi,NA,21
Andi,Zilo,a,240
Andi,Zilo,b,50
Andi,Zilo,c,5
Andi,Zilo,č,23
Andi,Zilo,c',39
Andi,Zilo,č',27
Andi,Zilo,c'ː,6
Andi,Zilo,č'ː,3
Andi,Zilo,cː,4
Andi,Zilo,čː,1
Andi,Zilo,d,27
Andi,Zilo,e,83
Andi,Zilo,ẽ,2
Andi,Zilo,g,27
Andi,Zilo,ɡʷ,4
Andi,Zilo,h,42
Andi,Zilo,ħ,4
Andi,Zilo,i,258
Andi,Zilo,ĩ,7
Andi,Zilo,j,25
Andi,Zilo,k,30
Andi,Zilo,k',37
Andi,Zilo,k'ː,6
Andi,Zilo,k'ʷ,1
Andi,Zilo,kː,5
Andi,Zilo,kʷ,8
Andi,Zilo,l,66
Andi,Zilo,ʟ,20
Andi,Zilo,ʟ',23
Andi,Zilo,ɬ,28
Andi,Zilo,m,69
Andi,Zilo,n,135
Andi,Zilo,o,158
Andi,Zilo,p,14
Andi,Zilo,q,14
Andi,Zilo,q',20
Andi,Zilo,q'ʷ,2
Andi,Zilo,qʷ,1
Andi,Zilo,r,152
Andi,Zilo,ʁ,23
Andi,Zilo,ʁʷ,3
Andi,Zilo,s,35
Andi,Zilo,š,30
Andi,Zilo,sː,1
Andi,Zilo,šː,8
Andi,Zilo,t,12
Andi,Zilo,t',17
Andi,Zilo,u,150
Andi,Zilo,ũ,5
Andi,Zilo,w,13
Andi,Zilo,z,11
Andi,Zilo,ž,18
Andi,Zilo,ǯ,2
Andi,Zilo,ʔ,14
Andi,Zilo,ʔʷ,1
Andi,Zilo,ʕ,1
Andi,Zilo,χ,35
Andi,Zilo,χː,1
Andi,Zilo,χʷ,5
Andi,Zilo,NA,61
Archi,Archi,a,188
Archi,Archi,á,140
Archi,Archi,áːˤ,1
Archi,Archi,aˤ,6
Archi,Archi,áˤ,29
Archi,Archi,b,77
Archi,Archi,c,16
Archi,Archi,č,29
Archi,Archi,c',33
Archi,Archi,č',47
Archi,Archi,c'ː,2
Archi,Archi,č'ʷ,1
Archi,Archi,čː,1
Archi,Archi,čʷ,1
Archi,Archi,d,46
Archi,Archi,e,53
Archi,Archi,é,52
Archi,Archi,eˤ,8
Archi,Archi,éˤ,3
Archi,Archi,ə,35
Archi,Archi,g,30
Archi,Archi,gʷ,9
Archi,Archi,h,28
Archi,Archi,ʜ,10
Archi,Archi,i,177
Archi,Archi,í,54
Archi,Archi,íː,1
Archi,Archi,iˤ,2
Archi,Archi,j,22
Archi,Archi,k,30
Archi,Archi,k',57
Archi,Archi,k'ʷ,9
Archi,Archi,kː,14
Archi,Archi,kʷ,8
Archi,Archi,l,145
Archi,Archi,ʟ,6
Archi,Archi,ʟ',25
Archi,Archi,ʟ'ʷ,1
Archi,Archi,ɬ,11
Archi,Archi,ɬː,17
Archi,Archi,ɬːʷ,2
Archi,Archi,ɬʷ,1
Archi,Archi,m,109
Archi,Archi,n,178
Archi,Archi,o,103
Archi,Archi,ó,40
Archi,Archi,oˤ,8
Archi,Archi,óˤ,2
Archi,Archi,p,27
Archi,Archi,p',3
Archi,Archi,q,26
Archi,Archi,q',36
Archi,Archi,q'ː,2
Archi,Archi,q'ːˤ,2
Archi,Archi,q'ʷ,6
Archi,Archi,q'ʷˤ,3
Archi,Archi,q'ˤ,15
Archi,Archi,qʷ,3
Archi,Archi,qʷˤ,3
Archi,Archi,qˤ,18
Archi,Archi,r,149
Archi,Archi,ʁ,9
Archi,Archi,ʁʷˤ,2
Archi,Archi,s,32
Archi,Archi,š,23
Archi,Archi,sː,19
Archi,Archi,šː,8
Archi,Archi,šːʷ,1
Archi,Archi,t,66
Archi,Archi,t',42
Archi,Archi,tː,39
Archi,Archi,u,160
Archi,Archi,ú,33
Archi,Archi,uˤ,3
Archi,Archi,úˤ,3
Archi,Archi,w,4
Archi,Archi,z,12
Archi,Archi,ž,12
Archi,Archi,ʕ,3
Archi,Archi,χ,32
Archi,Archi,χː,22
Archi,Archi,χːʷ,3
Archi,Archi,χːˤ,8
Archi,Archi,χʷ,8
Archi,Archi,χʷˤ,1
Archi,Archi,χˤ,24
Archi,Archi,NA,17
Avar,Chadakolob,a,158
Avar,Chadakolob,á,107
Avar,Chadakolob,b,84
Avar,Chadakolob,c,21
Avar,Chadakolob,č,30
Avar,Chadakolob,c',40
Avar,Chadakolob,č',44
Avar,Chadakolob,c'ʷ,4
Avar,Chadakolob,d,44
Avar,Chadakolob,e,80
Avar,Chadakolob,é,47
Avar,Chadakolob,g,30
Avar,Chadakolob,gʷ,3
Avar,Chadakolob,h,38
Avar,Chadakolob,hʷ,2
Avar,Chadakolob,ʜ,54
Avar,Chadakolob,i,135
Avar,Chadakolob,í,63
Avar,Chadakolob,j,10
Avar,Chadakolob,k,33
Avar,Chadakolob,k',47
Avar,Chadakolob,k'ʷ,4
Avar,Chadakolob,kʷ,7
Avar,Chadakolob,l,88
Avar,Chadakolob,ʟ,5
Avar,Chadakolob,ʟ',30
Avar,Chadakolob,ɬ,1
Avar,Chadakolob,m,73
Avar,Chadakolob,n,105
Avar,Chadakolob,o,89
Avar,Chadakolob,ó,58
Avar,Chadakolob,p,15
Avar,Chadakolob,q,23
Avar,Chadakolob,q',34
Avar,Chadakolob,q'ʷ,4
Avar,Chadakolob,r,168
Avar,Chadakolob,ʁ,24
Avar,Chadakolob,ʁʷ,6
Avar,Chadakolob,s,23
Avar,Chadakolob,š,39
Avar,Chadakolob,sʷ,1
Avar,Chadakolob,šʷ,1
Avar,Chadakolob,t,39
Avar,Chadakolob,t',54
Avar,Chadakolob,t'ʷ,1
Avar,Chadakolob,u,157
Avar,Chadakolob,ú,35
Avar,Chadakolob,w,6
Avar,Chadakolob,x,28
Avar,Chadakolob,z,1
Avar,Chadakolob,ž,28
Avar,Chadakolob,ʔ,2
Avar,Chadakolob,ʕ,66
Avar,Chadakolob,χ,18
Avar,Chadakolob,χʷ,1
Avar,Chadakolob,NA,14
Azerbaijani,NA,NA,572
Bezhta,Khoshar_Khota,a,279
Bezhta,Khoshar_Khota,ä,118
Bezhta,Khoshar_Khota,ä̃,1
Bezhta,Khoshar_Khota,ã,4
Bezhta,Khoshar_Khota,aː,1
Bezhta,Khoshar_Khota,aˤ,1
Bezhta,Khoshar_Khota,b,89
Bezhta,Khoshar_Khota,c,42
Bezhta,Khoshar_Khota,č,24
Bezhta,Khoshar_Khota,c',43
Bezhta,Khoshar_Khota,č',17
Bezhta,Khoshar_Khota,d,54
Bezhta,Khoshar_Khota,e,112
Bezhta,Khoshar_Khota,ẽ,1
Bezhta,Khoshar_Khota,g,36
Bezhta,Khoshar_Khota,h,51
Bezhta,Khoshar_Khota,ʜ,1
Bezhta,Khoshar_Khota,i,220
Bezhta,Khoshar_Khota,ĩ,2
Bezhta,Khoshar_Khota,iː,1
Bezhta,Khoshar_Khota,j,22
Bezhta,Khoshar_Khota,k,51
Bezhta,Khoshar_Khota,k',47
Bezhta,Khoshar_Khota,l,57
Bezhta,Khoshar_Khota,ʟ,34
Bezhta,Khoshar_Khota,ʟ',37
Bezhta,Khoshar_Khota,ɬ,20
Bezhta,Khoshar_Khota,m,91
Bezhta,Khoshar_Khota,n,66
Bezhta,Khoshar_Khota,o,242
Bezhta,Khoshar_Khota,ö,58
Bezhta,Khoshar_Khota,p,17
Bezhta,Khoshar_Khota,p',5
Bezhta,Khoshar_Khota,q,22
Bezhta,Khoshar_Khota,q',56
Bezhta,Khoshar_Khota,r,135
Bezhta,Khoshar_Khota,ʁ,32
Bezhta,Khoshar_Khota,s,62
Bezhta,Khoshar_Khota,š,22
Bezhta,Khoshar_Khota,t,15
Bezhta,Khoshar_Khota,t',45
Bezhta,Khoshar_Khota,u,64
Bezhta,Khoshar_Khota,ü,24
Bezhta,Khoshar_Khota,ũ,2
Bezhta,Khoshar_Khota,w,11
Bezhta,Khoshar_Khota,x,1
Bezhta,Khoshar_Khota,z,41
Bezhta,Khoshar_Khota,ž,19
Bezhta,Khoshar_Khota,ʔ,14
Bezhta,Khoshar_Khota,χ,50
Bezhta,Khoshar_Khota,NA,13
Bezhta,Tladal,a,202
Bezhta,Tladal,ä,159
Bezhta,Tladal,ä̃,8
Bezhta,Tladal,ã,19
Bezhta,Tladal,aː,1
Bezhta,Tladal,äː,1
Bezhta,Tladal,aˤ,1
Bezhta,Tladal,b,92
Bezhta,Tladal,c,34
Bezhta,Tladal,č,26
Bezhta,Tladal,c',26
Bezhta,Tladal,č',37
Bezhta,Tladal,d,47
Bezhta,Tladal,e,120
Bezhta,Tladal,ẽ,4
Bezhta,Tladal,g,33
Bezhta,Tladal,h,34
Bezhta,Tladal,ʜ,15
Bezhta,Tladal,i,205
Bezhta,Tladal,ĩ,5
Bezhta,Tladal,iː,3
Bezhta,Tladal,j,20
Bezhta,Tladal,k,52
Bezhta,Tladal,k',51
Bezhta,Tladal,l,57
Bezhta,Tladal,ʟ,31
Bezhta,Tladal,ʟ',36
Bezhta,Tladal,ɬ,22
Bezhta,Tladal,m,89
Bezhta,Tladal,n,69
Bezhta,Tladal,o,198
Bezhta,Tladal,ö,86
Bezhta,Tladal,ö̃,1
Bezhta,Tladal,õ,11
Bezhta,Tladal,oː,1
Bezhta,Tladal,p,17
Bezhta,Tladal,p',4
Bezhta,Tladal,q,24
Bezhta,Tladal,q',45
Bezhta,Tladal,r,134
Bezhta,Tladal,ʁ,30
Bezhta,Tladal,s,53
Bezhta,Tladal,š,38
Bezhta,Tladal,t,13
Bezhta,Tladal,t',49
Bezhta,Tladal,u,52
Bezhta,Tladal,ü,30
Bezhta,Tladal,ũ,4
Bezhta,Tladal,uː,1
Bezhta,Tladal,ũː,1
Bezhta,Tladal,w,11
Bezhta,Tladal,z,32
Bezhta,Tladal,ž,26
Bezhta,Tladal,ʔ,6
Bezhta,Tladal,ʕ,14
Bezhta,Tladal,χ,52
Bezhta,Tladal,NA,10
Budugh,Budugh,a,207
Budugh,Budugh,á,1
Budugh,Budugh,ä,40
Budugh,Budugh,b,53
Budugh,Budugh,č,43
Budugh,Budugh,c',12
Budugh,Budugh,č',19
Budugh,Budugh,d,71
Budugh,Budugh,e,126
Budugh,Budugh,ə,143
Budugh,Budugh,f,8
Budugh,Budugh,g,54
Budugh,Budugh,ɢ,62
Budugh,Budugh,h,6
Budugh,Budugh,ʜ,15
Budugh,Budugh,i,155
Budugh,Budugh,iˤ,1
Budugh,Budugh,ɨ,37
Budugh,Budugh,j,59
Budugh,Budugh,k,74
Budugh,Budugh,k',37
Budugh,Budugh,l,139
Budugh,Budugh,m,89
Budugh,Budugh,n,117
Budugh,Budugh,o,38
Budugh,Budugh,ö,4
Budugh,Budugh,p,32
Budugh,Budugh,p',4
Budugh,Budugh,q,6
Budugh,Budugh,q',35
Budugh,Budugh,r,152
Budugh,Budugh,ʁ,42
Budugh,Budugh,s,49
Budugh,Budugh,š,45
Budugh,Budugh,t,47
Budugh,Budugh,t',40
Budugh,Budugh,u,188
Budugh,Budugh,ü,28
Budugh,Budugh,v,33
Budugh,Budugh,x,11
Budugh,Budugh,z,33
Budugh,Budugh,ž,2
Budugh,Budugh,ǯ,49
Budugh,Budugh,ʔ,2
Budugh,Budugh,ʕ,28
Budugh,Budugh,ʡ,4
Budugh,Budugh,χ,53
Budugh,Budugh,NA,14
Chamalal,Gakvari,a,480
Chamalal,Gakvari,á,1
Chamalal,Gakvari,ã,22
Chamalal,Gakvari,aː,21
Chamalal,Gakvari,ãː,4
Chamalal,Gakvari,b,104
Chamalal,Gakvari,c,14
Chamalal,Gakvari,č,35
Chamalal,Gakvari,c',9
Chamalal,Gakvari,č',47
Chamalal,Gakvari,c̃',1
Chamalal,Gakvari,c'ʷ,1
Chamalal,Gakvari,č'ʷ,3
Chamalal,Gakvari,cʷ,4
Chamalal,Gakvari,d,19
Chamalal,Gakvari,dʷ,1
Chamalal,Gakvari,e,97
Chamalal,Gakvari,é,1
Chamalal,Gakvari,ẽ,1
Chamalal,Gakvari,eː,10
Chamalal,Gakvari,g,11
Chamalal,Gakvari,gʷ,3
Chamalal,Gakvari,h,83
Chamalal,Gakvari,hʷ,5
Chamalal,Gakvari,ʜ,5
Chamalal,Gakvari,i,159
Chamalal,Gakvari,ĩ,22
Chamalal,Gakvari,ĩː,4
Chamalal,Gakvari,ɨ,1
Chamalal,Gakvari,j,69
Chamalal,Gakvari,k,17
Chamalal,Gakvari,k',30
Chamalal,Gakvari,k'ʷ,18
Chamalal,Gakvari,kʷ,23
Chamalal,Gakvari,l,86
Chamalal,Gakvari,lʷ,5
Chamalal,Gakvari,ʟ,23
Chamalal,Gakvari,ʟ',30
Chamalal,Gakvari,ʟ'ʷ,5
Chamalal,Gakvari,ʟʷ,5
Chamalal,Gakvari,ɬ,28
Chamalal,Gakvari,ɬː,4
Chamalal,Gakvari,m,78
Chamalal,Gakvari,n,101
Chamalal,Gakvari,nʷ,5
Chamalal,Gakvari,o,47
Chamalal,Gakvari,p,8
Chamalal,Gakvari,q,12
Chamalal,Gakvari,q',43
Chamalal,Gakvari,q'ʷ,6
Chamalal,Gakvari,qʷ,4
Chamalal,Gakvari,r,49
Chamalal,Gakvari,rʷ,2
Chamalal,Gakvari,ʁ,37
Chamalal,Gakvari,ʁʷ,1
Chamalal,Gakvari,s,28
Chamalal,Gakvari,š,12
Chamalal,Gakvari,s',49
Chamalal,Gakvari,s'ʷ,5
Chamalal,Gakvari,sː,35
Chamalal,Gakvari,sːʷ,1
Chamalal,Gakvari,šʷ,1
Chamalal,Gakvari,t,23
Chamalal,Gakvari,t',26
Chamalal,Gakvari,t'ʷ,3
Chamalal,Gakvari,tʷ,3
Chamalal,Gakvari,u,92
Chamalal,Gakvari,ũ,30
Chamalal,Gakvari,ũː,5
Chamalal,Gakvari,w,28
Chamalal,Gakvari,xː,1
Chamalal,Gakvari,z,18
Chamalal,Gakvari,ž,7
Chamalal,Gakvari,zʷ,2
Chamalal,Gakvari,ǯ,8
Chamalal,Gakvari,ʔ,2
Chamalal,Gakvari,χ,42
Chamalal,Gakvari,χː,8
Chamalal,Gakvari,χːʷ,1
Chamalal,Gakvari,χʷ,8
Chamalal,Gakvari,NA,12
Chamalal,Gigatli,a,293
Chamalal,Gigatli,á,201
Chamalal,Gigatli,ä,1
Chamalal,Gigatli,ã,7
Chamalal,Gigatli,ã́,1
Chamalal,Gigatli,áː,1
Chamalal,Gigatli,b,86
Chamalal,Gigatli,c,13
Chamalal,Gigatli,č,53
Chamalal,Gigatli,c',57
Chamalal,Gigatli,č',50
Chamalal,Gigatli,d,22
Chamalal,Gigatli,e,73
Chamalal,Gigatli,é,31
Chamalal,Gigatli,eː,1
Chamalal,Gigatli,éː,1
Chamalal,Gigatli,g,1
Chamalal,Gigatli,g,16
Chamalal,Gigatli,h,71
Chamalal,Gigatli,ʜ,7
Chamalal,Gigatli,i,128
Chamalal,Gigatli,í,122
Chamalal,Gigatli,ĩ,4
Chamalal,Gigatli,ĩ́,1
Chamalal,Gigatli,ĩː,2
Chamalal,Gigatli,j,42
Chamalal,Gigatli,k,37
Chamalal,Gigatli,k',47
Chamalal,Gigatli,l,74
Chamalal,Gigatli,ʟ,21
Chamalal,Gigatli,ʟ',35
Chamalal,Gigatli,ɬ,27
Chamalal,Gigatli,ɬː,3
Chamalal,Gigatli,m,77
Chamalal,Gigatli,n,149
Chamalal,Gigatli,o,31
Chamalal,Gigatli,ó,13
Chamalal,Gigatli,p,9
Chamalal,Gigatli,q,18
Chamalal,Gigatli,q',43
Chamalal,Gigatli,q'ʷ,1
Chamalal,Gigatli,r,125
Chamalal,Gigatli,ʁ,38
Chamalal,Gigatli,s,23
Chamalal,Gigatli,š,16
Chamalal,Gigatli,sː,29
Chamalal,Gigatli,šː,3
Chamalal,Gigatli,t,23
Chamalal,Gigatli,t',30
Chamalal,Gigatli,u,109
Chamalal,Gigatli,ú,137
Chamalal,Gigatli,ũ,9
Chamalal,Gigatli,ṹ,2
Chamalal,Gigatli,w,13
Chamalal,Gigatli,x,1
Chamalal,Gigatli,xː,2
Chamalal,Gigatli,z,26
Chamalal,Gigatli,ž,5
Chamalal,Gigatli,ǯ,6
Chamalal,Gigatli,ʔ,1
Chamalal,Gigatli,ʕ,4
Chamalal,Gigatli,χ,57
Chamalal,Gigatli,χː,8
Chamalal,Gigatli,NA,11
Chechen,NA,NA,485
Dargwa,Chirag,a,351
Dargwa,Chirag,á,201
Dargwa,Chirag,ḁ,5
Dargwa,Chirag,ḁ́,2
Dargwa,Chirag,aː,1
Dargwa,Chirag,aːˤ,3
Dargwa,Chirag,áːˤ,1
Dargwa,Chirag,aˤ,15
Dargwa,Chirag,áˤ,7
Dargwa,Chirag,b,63
Dargwa,Chirag,c,11
Dargwa,Chirag,č,25
Dargwa,Chirag,c',22
Dargwa,Chirag,č',26
Dargwa,Chirag,cː,28
Dargwa,Chirag,čː,10
Dargwa,Chirag,d,56
Dargwa,Chirag,e,84
Dargwa,Chirag,é,50
Dargwa,Chirag,eː,1
Dargwa,Chirag,g,42
Dargwa,Chirag,gʷ,5
Dargwa,Chirag,h,9
Dargwa,Chirag,ʜ,6
Dargwa,Chirag,i,61
Dargwa,Chirag,í,52
Dargwa,Chirag,i̥,1
Dargwa,Chirag,j,19
Dargwa,Chirag,k,19
Dargwa,Chirag,k',43
Dargwa,Chirag,k'ʷ,5
Dargwa,Chirag,kː,25
Dargwa,Chirag,kːʷ,3
Dargwa,Chirag,kʷ,3
Dargwa,Chirag,l,127
Dargwa,Chirag,m,104
Dargwa,Chirag,n,89
Dargwa,Chirag,p,10
Dargwa,Chirag,p',3
Dargwa,Chirag,pː,12
Dargwa,Chirag,q,33
Dargwa,Chirag,q',35
Dargwa,Chirag,q'ʷ,1
Dargwa,Chirag,q'ʷˤ,3
Dargwa,Chirag,q'ˤ,12
Dargwa,Chirag,qː,22
Dargwa,Chirag,qːʷ,3
Dargwa,Chirag,qːʷˤ,2
Dargwa,Chirag,qːˤ,12
Dargwa,Chirag,qʷ,2
Dargwa,Chirag,qʷˤ,1
Dargwa,Chirag,qˤ,8
Dargwa,Chirag,r,181
Dargwa,Chirag,ʁ,12
Dargwa,Chirag,ʁʷ,3
Dargwa,Chirag,ʁˤ,9
Dargwa,Chirag,s,17
Dargwa,Chirag,š,19
Dargwa,Chirag,sː,33
Dargwa,Chirag,šː,14
Dargwa,Chirag,t,25
Dargwa,Chirag,t',40
Dargwa,Chirag,tː,27
Dargwa,Chirag,u,121
Dargwa,Chirag,ú,87
Dargwa,Chirag,ú̥,2
Dargwa,Chirag,u̥,3
Dargwa,Chirag,uˤ,3
Dargwa,Chirag,w,17
Dargwa,Chirag,x,10
Dargwa,Chirag,xː,15
Dargwa,Chirag,xːʷ,2
Dargwa,Chirag,xʷ,1
Dargwa,Chirag,z,32
Dargwa,Chirag,ž,14
Dargwa,Chirag,ʕ,30
Dargwa,Chirag,ʕʷ,1
Dargwa,Chirag,χ,17
Dargwa,Chirag,χː,15
Dargwa,Chirag,χːʷ,4
Dargwa,Chirag,χːʷˤ,1
Dargwa,Chirag,χːˤ,6
Dargwa,Chirag,χʷˤ,2
Dargwa,Chirag,χˤ,9
Dargwa,Chirag,NA,42
Dargwa,Duakar,NA,552
Dargwa,Murego,NA,514
Dargwa,Qunqi,NA,532
Dargwa,Tanti,NA,567
Dargwa,Tsudakhar,NA,556
Dargwa,Xuduc,NA,599
Hinuq,Hinuq,a,247
Hinuq,Hinuq,b,71
Hinuq,Hinuq,c,33
Hinuq,Hinuq,č,33
Hinuq,Hinuq,c',25
Hinuq,Hinuq,č',29
Hinuq,Hinuq,č'ʷ,1
Hinuq,Hinuq,d,40
Hinuq,Hinuq,e,206
Hinuq,Hinuq,g,24
Hinuq,Hinuq,gʷ,2
Hinuq,Hinuq,h,35
Hinuq,Hinuq,ʜ,7
Hinuq,Hinuq,i,215
Hinuq,Hinuq,iː,7
Hinuq,Hinuq,j,28
Hinuq,Hinuq,k,58
Hinuq,Hinuq,k',38
Hinuq,Hinuq,k'ʷ,4
Hinuq,Hinuq,kʷ,8
Hinuq,Hinuq,l,69
Hinuq,Hinuq,ʟ,35
Hinuq,Hinuq,ʟ',30
Hinuq,Hinuq,ɬ,19
Hinuq,Hinuq,m,85
Hinuq,Hinuq,n,63
Hinuq,Hinuq,o,158
Hinuq,Hinuq,p,8
Hinuq,Hinuq,p',1
Hinuq,Hinuq,q,31
Hinuq,Hinuq,q',37
Hinuq,Hinuq,q'ʷ,10
Hinuq,Hinuq,q'ˤ,1
Hinuq,Hinuq,qʷ,5
Hinuq,Hinuq,r,99
Hinuq,Hinuq,ʁ,24
Hinuq,Hinuq,ʁʷ,7
Hinuq,Hinuq,s,32
Hinuq,Hinuq,š,33
Hinuq,Hinuq,t,17
Hinuq,Hinuq,t',42
Hinuq,Hinuq,u,214
Hinuq,Hinuq,ü,1
Hinuq,Hinuq,w,10
Hinuq,Hinuq,z,23
Hinuq,Hinuq,ž,27
Hinuq,Hinuq,ʔ,2
Hinuq,Hinuq,ʕ,10
Hinuq,Hinuq,χ,52
Hinuq,Hinuq,χʷ,2
Hinuq,Hinuq,NA,29
Hunzib,Hunzib,a,226
Hunzib,Hunzib,ã,21
Hunzib,Hunzib,ãː,1
Hunzib,Hunzib,b,86
Hunzib,Hunzib,c,31
Hunzib,Hunzib,č,24
Hunzib,Hunzib,c',22
Hunzib,Hunzib,č',36
Hunzib,Hunzib,d,51
Hunzib,Hunzib,e,139
Hunzib,Hunzib,ẽ,13
Hunzib,Hunzib,eː,1
Hunzib,Hunzib,ə,53
Hunzib,Hunzib,ə̃,9
Hunzib,Hunzib,g,38
Hunzib,Hunzib,h,62
Hunzib,Hunzib,ʜ,6
Hunzib,Hunzib,i,137
Hunzib,Hunzib,ĩ,9
Hunzib,Hunzib,ɨ,55
Hunzib,Hunzib,ɨ̃,2
Hunzib,Hunzib,j,22
Hunzib,Hunzib,k,49
Hunzib,Hunzib,k',49
Hunzib,Hunzib,l,71
Hunzib,Hunzib,ʟ,25
Hunzib,Hunzib,ʟ',27
Hunzib,Hunzib,ɬ,11
Hunzib,Hunzib,m,84
Hunzib,Hunzib,n,59
Hunzib,Hunzib,o,128
Hunzib,Hunzib,ó,1
Hunzib,Hunzib,ö̃,1
Hunzib,Hunzib,õ,16
Hunzib,Hunzib,ɵ,43
Hunzib,Hunzib,ɵ̃,13
Hunzib,Hunzib,p,16
Hunzib,Hunzib,p',4
Hunzib,Hunzib,q,39
Hunzib,Hunzib,q',40
Hunzib,Hunzib,r,124
Hunzib,Hunzib,ʁ,27
Hunzib,Hunzib,s,52
Hunzib,Hunzib,š,32
Hunzib,Hunzib,t,16
Hunzib,Hunzib,t',45
Hunzib,Hunzib,u,197
Hunzib,Hunzib,ũ,8
Hunzib,Hunzib,w,7
Hunzib,Hunzib,x,1
Hunzib,Hunzib,z,30
Hunzib,Hunzib,ž,29
Hunzib,Hunzib,ʔ,3
Hunzib,Hunzib,ʕ,13
Hunzib,Hunzib,χ,47
Hunzib,Hunzib,NA,7
Inkhokwari,Inkhokwari,a,261
Inkhokwari,Inkhokwari,á,2
Inkhokwari,Inkhokwari,ã,21
Inkhokwari,Inkhokwari,ḁ,4
Inkhokwari,Inkhokwari,aː,1
Inkhokwari,Inkhokwari,ãː,2
Inkhokwari,Inkhokwari,aˤ,9
Inkhokwari,Inkhokwari,ãˤ,1
Inkhokwari,Inkhokwari,b,82
Inkhokwari,Inkhokwari,c,33
Inkhokwari,Inkhokwari,č,27
Inkhokwari,Inkhokwari,c',26
Inkhokwari,Inkhokwari,č',30
Inkhokwari,Inkhokwari,č'ʷ,1
Inkhokwari,Inkhokwari,čʷ,2
Inkhokwari,Inkhokwari,d,45
Inkhokwari,Inkhokwari,e,142
Inkhokwari,Inkhokwari,ẽ,26
Inkhokwari,Inkhokwari,g,17
Inkhokwari,Inkhokwari,gʷ,1
Inkhokwari,Inkhokwari,h,55
Inkhokwari,Inkhokwari,ʜ,6
Inkhokwari,Inkhokwari,i,122
Inkhokwari,Inkhokwari,ĩ,4
Inkhokwari,Inkhokwari,ɨ,43
Inkhokwari,Inkhokwari,j,26
Inkhokwari,Inkhokwari,k,57
Inkhokwari,Inkhokwari,k',48
Inkhokwari,Inkhokwari,k'ʷ,5
Inkhokwari,Inkhokwari,kʷ,3
Inkhokwari,Inkhokwari,l,90
Inkhokwari,Inkhokwari,ʟ,23
Inkhokwari,Inkhokwari,ʟ',32
Inkhokwari,Inkhokwari,ɬ,18
Inkhokwari,Inkhokwari,m,79
Inkhokwari,Inkhokwari,n,82
Inkhokwari,Inkhokwari,o,184
Inkhokwari,Inkhokwari,õ,15
Inkhokwari,Inkhokwari,oː,1
Inkhokwari,Inkhokwari,oˤ,1
Inkhokwari,Inkhokwari,p,6
Inkhokwari,Inkhokwari,q,29
Inkhokwari,Inkhokwari,q',33
Inkhokwari,Inkhokwari,q'ʷ,4
Inkhokwari,Inkhokwari,q'ʷˤ,1
Inkhokwari,Inkhokwari,q'ˤ,9
Inkhokwari,Inkhokwari,qʷˤ,1
Inkhokwari,Inkhokwari,qˤ,6
Inkhokwari,Inkhokwari,r,84
Inkhokwari,Inkhokwari,ʁ,39
Inkhokwari,Inkhokwari,ʁʷ,1
Inkhokwari,Inkhokwari,ʁʷˤ,2
Inkhokwari,Inkhokwari,ʁˤ,5
Inkhokwari,Inkhokwari,s,45
Inkhokwari,Inkhokwari,š,25
Inkhokwari,Inkhokwari,t,21
Inkhokwari,Inkhokwari,t',39
Inkhokwari,Inkhokwari,u,214
Inkhokwari,Inkhokwari,ũ,5
Inkhokwari,Inkhokwari,u̥,1
Inkhokwari,Inkhokwari,uː,1
Inkhokwari,Inkhokwari,uˤ,1
Inkhokwari,Inkhokwari,w,6
Inkhokwari,Inkhokwari,z,26
Inkhokwari,Inkhokwari,ž,22
Inkhokwari,Inkhokwari,žʷ,2
Inkhokwari,Inkhokwari,ʕ,2
Inkhokwari,Inkhokwari,χ,41
Inkhokwari,Inkhokwari,χˤ,6
Inkhokwari,Inkhokwari,NA,8
Khinalug,Khinalug,a,155
Khinalug,Khinalug,á,155
Khinalug,Khinalug,ä,64
Khinalug,Khinalug,ä́,49
Khinalug,Khinalug,aː,9
Khinalug,Khinalug,áː,2
Khinalug,Khinalug,b,51
Khinalug,Khinalug,c,20
Khinalug,Khinalug,č,39
Khinalug,Khinalug,č̃,10
Khinalug,Khinalug,c̃,6
Khinalug,Khinalug,c',26
Khinalug,Khinalug,č',26
Khinalug,Khinalug,d,53
Khinalug,Khinalug,e,19
Khinalug,Khinalug,é,14
Khinalug,Khinalug,eː,1
Khinalug,Khinalug,f,5
Khinalug,Khinalug,g,49
Khinalug,Khinalug,ɢ,1
Khinalug,Khinalug,ɣ,2
Khinalug,Khinalug,h,12
Khinalug,Khinalug,ʜ,8
Khinalug,Khinalug,i,124
Khinalug,Khinalug,í,38
Khinalug,Khinalug,íː,1
Khinalug,Khinalug,ɨ,82
Khinalug,Khinalug,ɨ́,50
Khinalug,Khinalug,j,28
Khinalug,Khinalug,k,63
Khinalug,Khinalug,k̃,14
Khinalug,Khinalug,k',76
Khinalug,Khinalug,k'ɏ,1
Khinalug,Khinalug,kʲ,2
Khinalug,Khinalug,l,126
Khinalug,Khinalug,m,101
Khinalug,Khinalug,n,141
Khinalug,Khinalug,o,39
Khinalug,Khinalug,ó,13
Khinalug,Khinalug,oː,2
Khinalug,Khinalug,óː,1
Khinalug,Khinalug,p,31
Khinalug,Khinalug,p̃,5
Khinalug,Khinalug,p',3
Khinalug,Khinalug,q,21
Khinalug,Khinalug,q̃,33
Khinalug,Khinalug,q',40
Khinalug,Khinalug,r,134
Khinalug,Khinalug,ʁ,45
Khinalug,Khinalug,s,39
Khinalug,Khinalug,š,51
Khinalug,Khinalug,t,38
Khinalug,Khinalug,t̃,9
Khinalug,Khinalug,t',21
Khinalug,Khinalug,tː,1
Khinalug,Khinalug,u,113
Khinalug,Khinalug,ú,37
Khinalug,Khinalug,ü,7
Khinalug,Khinalug,ǘ,1
Khinalug,Khinalug,uː,3
Khinalug,Khinalug,üː,1
Khinalug,Khinalug,v,19
Khinalug,Khinalug,w,8
Khinalug,Khinalug,x,10
Khinalug,Khinalug,z,66
Khinalug,Khinalug,ž,11
Khinalug,Khinalug,ǯ,19
Khinalug,Khinalug,ʕ,3
Khinalug,Khinalug,χ,43
Khinalug,Khinalug,NA,18
Kryz,Kryz,a,151
Kryz,Kryz,ä,300
Kryz,Kryz,ḁ̈́,1
Kryz,Kryz,b,59
Kryz,Kryz,c,2
Kryz,Kryz,č,42
Kryz,Kryz,c',23
Kryz,Kryz,č',38
Kryz,Kryz,d,54
Kryz,Kryz,e,52
Kryz,Kryz,ě,81
Kryz,Kryz,ě́,1
Kryz,Kryz,f,16
Kryz,Kryz,g,51
Kryz,Kryz,gʷ,1
Kryz,Kryz,ɢ,38
Kryz,Kryz,ɣ,2
Kryz,Kryz,h,17
Kryz,Kryz,ʜ,19
Kryz,Kryz,i,237
Kryz,Kryz,ɨ,85
Kryz,Kryz,ɨ́,1
Kryz,Kryz,j,55
Kryz,Kryz,k,90
Kryz,Kryz,k',47
Kryz,Kryz,k'ʷ,9
Kryz,Kryz,kʷ,7
Kryz,Kryz,l,167
Kryz,Kryz,m,103
Kryz,Kryz,n,134
Kryz,Kryz,o,16
Kryz,Kryz,ö,4
Kryz,Kryz,p,22
Kryz,Kryz,p',7
Kryz,Kryz,q,7
Kryz,Kryz,q',51
Kryz,Kryz,q'ʷ,1
Kryz,Kryz,r,175
Kryz,Kryz,ʁ,40
Kryz,Kryz,s,58
Kryz,Kryz,š,41
Kryz,Kryz,t,47
Kryz,Kryz,t',51
Kryz,Kryz,u,136
Kryz,Kryz,ü,11
Kryz,Kryz,v,35
Kryz,Kryz,w,2
Kryz,Kryz,x,14
Kryz,Kryz,z,36
Kryz,Kryz,ž,1
Kryz,Kryz,ʒ,3
Kryz,Kryz,ǯ,54
Kryz,Kryz,ʔ,4
Kryz,Kryz,ʕ,33
Kryz,Kryz,χ,79
Kryz,Kryz,χʷ,1
Kryz,Kryz,NA,13
Kumyk,Kajtag_Tumenler,NA,525
Kumyk,NA,NA,587
Lak,Khosrekh,a,515
Lak,Khosrekh,á,1
Lak,Khosrekh,ǎ,2
Lak,Khosrekh,aː,3
Lak,Khosrekh,ǎː,6
Lak,Khosrekh,aːˤ,3
Lak,Khosrekh,aˤ,38
Lak,Khosrekh,b,55
Lak,Khosrekh,c,12
Lak,Khosrekh,č,36
Lak,Khosrekh,c',38
Lak,Khosrekh,č',68
Lak,Khosrekh,c'ʷ,1
Lak,Khosrekh,č'ʷ,4
Lak,Khosrekh,cː,5
Lak,Khosrekh,čː,19
Lak,Khosrekh,čːʷ,1
Lak,Khosrekh,čʷ,3
Lak,Khosrekh,d,29
Lak,Khosrekh,e,3
Lak,Khosrekh,g,9
Lak,Khosrekh,gʷ,1
Lak,Khosrekh,h,47
Lak,Khosrekh,i,220
Lak,Khosrekh,iː,2
Lak,Khosrekh,iˤ,9
Lak,Khosrekh,j,27
Lak,Khosrekh,k,25
Lak,Khosrekh,k',54
Lak,Khosrekh,k'ʷ,12
Lak,Khosrekh,kː,17
Lak,Khosrekh,kːʷ,3
Lak,Khosrekh,kʷ,9
Lak,Khosrekh,l,145
Lak,Khosrekh,m,81
Lak,Khosrekh,n,136
Lak,Khosrekh,p,18
Lak,Khosrekh,p',3
Lak,Khosrekh,pː,5
Lak,Khosrekh,q,43
Lak,Khosrekh,q',40
Lak,Khosrekh,q'ʷ,2
Lak,Khosrekh,q'ʷˤ,1
Lak,Khosrekh,q'ˤ,15
Lak,Khosrekh,qː,21
Lak,Khosrekh,qːʷ,7
Lak,Khosrekh,qːʷˤ,1
Lak,Khosrekh,qːˤ,7
Lak,Khosrekh,qʷ,7
Lak,Khosrekh,qʷˤ,1
Lak,Khosrekh,qˤ,6
Lak,Khosrekh,r,169
Lak,Khosrekh,ʁ,13
Lak,Khosrekh,ʁʷ,2
Lak,Khosrekh,ʁˤ,1
Lak,Khosrekh,s,33
Lak,Khosrekh,š,26
Lak,Khosrekh,sː,35
Lak,Khosrekh,šː,21
Lak,Khosrekh,sːʷ,1
Lak,Khosrekh,šːʷ,1
Lak,Khosrekh,šʷ,3
Lak,Khosrekh,t,32
Lak,Khosrekh,t',51
Lak,Khosrekh,tː,38
Lak,Khosrekh,u,342
Lak,Khosrekh,uː,8
Lak,Khosrekh,uˤ,35
Lak,Khosrekh,w,20
Lak,Khosrekh,x,15
Lak,Khosrekh,xː,9
Lak,Khosrekh,xːʷ,5
Lak,Khosrekh,xʷ,1
Lak,Khosrekh,z,32
Lak,Khosrekh,ž,10
Lak,Khosrekh,žʷ,1
Lak,Khosrekh,ʔ,1
Lak,Khosrekh,χ,16
Lak,Khosrekh,χː,17
Lak,Khosrekh,χːʷ,2
Lak,Khosrekh,χːʷˤ,4
Lak,Khosrekh,χːˤ,6
Lak,Khosrekh,χʷˤ,1
Lak,Khosrekh,χˤ,3
Lak,Khosrekh,NA,9
Lezgian,Khlyut,a,242
Lezgian,Khlyut,á,92
Lezgian,Khlyut,ǎ́,1
Lezgian,Khlyut,ä,33
Lezgian,Khlyut,ä́,8
Lezgian,Khlyut,b,30
Lezgian,Khlyut,c,10
Lezgian,Khlyut,č,43
Lezgian,Khlyut,č̃,4
Lezgian,Khlyut,c̃,18
Lezgian,Khlyut,c',31
Lezgian,Khlyut,č',26
Lezgian,Khlyut,c'ʷ,1
Lezgian,Khlyut,č'ʷ,2
Lezgian,Khlyut,čː,4
Lezgian,Khlyut,cᶣ,1
Lezgian,Khlyut,čʷ,3
Lezgian,Khlyut,c̃ʷ,2
Lezgian,Khlyut,d,39
Lezgian,Khlyut,e,92
Lezgian,Khlyut,é,29
Lezgian,Khlyut,f,23
Lezgian,Khlyut,g,45
Lezgian,Khlyut,gʷ,1
Lezgian,Khlyut,h,13
Lezgian,Khlyut,ʜ,1
Lezgian,Khlyut,i,85
Lezgian,Khlyut,í,34
Lezgian,Khlyut,i̭,1
Lezgian,Khlyut,ɨ,68
Lezgian,Khlyut,ɨ́,11
Lezgian,Khlyut,j,40
Lezgian,Khlyut,k,59
Lezgian,Khlyut,k̃,32
Lezgian,Khlyut,k',35
Lezgian,Khlyut,k'ʷ,9
Lezgian,Khlyut,kᶣ,1
Lezgian,Khlyut,kʷ,8
Lezgian,Khlyut,k̃ʷ,3
Lezgian,Khlyut,l,124
Lezgian,Khlyut,m,87
Lezgian,Khlyut,n,105
Lezgian,Khlyut,o,1
Lezgian,Khlyut,p,18
Lezgian,Khlyut,p̃,24
Lezgian,Khlyut,p',8
Lezgian,Khlyut,q,10
Lezgian,Khlyut,q̃,30
Lezgian,Khlyut,q',37
Lezgian,Khlyut,q'ʷ,2
Lezgian,Khlyut,qᶣ,1
Lezgian,Khlyut,q̃ʷ,7
Lezgian,Khlyut,r,165
Lezgian,Khlyut,r̭,1
Lezgian,Khlyut,ʁ,17
Lezgian,Khlyut,ʁʷ,5
Lezgian,Khlyut,s,42
Lezgian,Khlyut,š,34
Lezgian,Khlyut,sʷ,3
Lezgian,Khlyut,šʷ,3
Lezgian,Khlyut,t,35
Lezgian,Khlyut,t̃,18
Lezgian,Khlyut,t',21
Lezgian,Khlyut,t'ʷ,3
Lezgian,Khlyut,tʷ,2
Lezgian,Khlyut,t̃ʷ,2
Lezgian,Khlyut,u,48
Lezgian,Khlyut,ú,10
Lezgian,Khlyut,ü,39
Lezgian,Khlyut,ǘ,6
Lezgian,Khlyut,w,31
Lezgian,Khlyut,x,8
Lezgian,Khlyut,z,26
Lezgian,Khlyut,ž,11
Lezgian,Khlyut,žʷ,1
Lezgian,Khlyut,ǯ,1
Lezgian,Khlyut,ʔ,8
Lezgian,Khlyut,ʕ,8
Lezgian,Khlyut,χ,64
Lezgian,Khlyut,χʲ,1
Lezgian,Khlyut,χʷ,13
Lezgian,Khlyut,NA,14
Rutul,Luchek,a,221
Rutul,Luchek,á,114
Rutul,Luchek,aː,1
Rutul,Luchek,b,69
Rutul,Luchek,c,4
Rutul,Luchek,č,28
Rutul,Luchek,c',25
Rutul,Luchek,č',28
Rutul,Luchek,č'ː,1
Rutul,Luchek,č'ʷ,1
Rutul,Luchek,d,94
Rutul,Luchek,e,64
Rutul,Luchek,é,42
Rutul,Luchek,eː,1
Rutul,Luchek,f,7
Rutul,Luchek,g,55
Rutul,Luchek,gʲ,3
Rutul,Luchek,gʷ,2
Rutul,Luchek,ɢ,28
Rutul,Luchek,ɢʷ,2
Rutul,Luchek,ɢˤ,4
Rutul,Luchek,ɣ,11
Rutul,Luchek,h,16
Rutul,Luchek,hˤ,6
Rutul,Luchek,i,98
Rutul,Luchek,í,41
Rutul,Luchek,ɨ,146
Rutul,Luchek,ɨ́,64
Rutul,Luchek,j,69
Rutul,Luchek,k,49
Rutul,Luchek,k',27
Rutul,Luchek,k'ʲ,5
Rutul,Luchek,k'ʷ,5
Rutul,Luchek,kʲ,3
Rutul,Luchek,kʷ,4
Rutul,Luchek,l,142
Rutul,Luchek,lʲ,5
Rutul,Luchek,m,83
Rutul,Luchek,n,117
Rutul,Luchek,ó,2
Rutul,Luchek,p,19
Rutul,Luchek,p',2
Rutul,Luchek,q,9
Rutul,Luchek,q',40
Rutul,Luchek,q'ʷ,5
Rutul,Luchek,q'ˤ,18
Rutul,Luchek,qʷˤ,1
Rutul,Luchek,qˤ,8
Rutul,Luchek,r,150
Rutul,Luchek,ʁ,27
Rutul,Luchek,ʁʷ,3
Rutul,Luchek,ʁʷˤ,1
Rutul,Luchek,ʁˤ,14
Rutul,Luchek,s,56
Rutul,Luchek,š,32
Rutul,Luchek,sʷ,1
Rutul,Luchek,t,31
Rutul,Luchek,t',38
Rutul,Luchek,u,122
Rutul,Luchek,ú,40
Rutul,Luchek,ü,10
Rutul,Luchek,v,2
Rutul,Luchek,w,29
Rutul,Luchek,x,32
Rutul,Luchek,xʲ,7
Rutul,Luchek,xʷ,3
Rutul,Luchek,z,32
Rutul,Luchek,ʒ,6
Rutul,Luchek,ǯ,16
Rutul,Luchek,ǯʷ,1
Rutul,Luchek,ʔ,9
Rutul,Luchek,ʔˤ,5
Rutul,Luchek,χ,62
Rutul,Luchek,χʷ,4
Rutul,Luchek,χʷˤ,2
Rutul,Luchek,χˤ,27
Rutul,Luchek,NA,9
Tabasaran,Dyubek,a,237
Tabasaran,Dyubek,á,136
Tabasaran,Dyubek,aː,2
Tabasaran,Dyubek,aˤ,13
Tabasaran,Dyubek,áˤ,3
Tabasaran,Dyubek,b,30
Tabasaran,Dyubek,c,10
Tabasaran,Dyubek,č,36
Tabasaran,Dyubek,c̊,7
Tabasaran,Dyubek,c',29
Tabasaran,Dyubek,č',24
Tabasaran,Dyubek,c̊',5
Tabasaran,Dyubek,cː,8
Tabasaran,Dyubek,čː,5
Tabasaran,Dyubek,c̊ː,4
Tabasaran,Dyubek,d,58
Tabasaran,Dyubek,e,39
Tabasaran,Dyubek,é,21
Tabasaran,Dyubek,eː,1
Tabasaran,Dyubek,f,17
Tabasaran,Dyubek,g,54
Tabasaran,Dyubek,ɢ,32
Tabasaran,Dyubek,ɢˤ,12
Tabasaran,Dyubek,ɣ,9
Tabasaran,Dyubek,h,22
Tabasaran,Dyubek,i,149
Tabasaran,Dyubek,í,130
Tabasaran,Dyubek,j,63
Tabasaran,Dyubek,k,39
Tabasaran,Dyubek,k',41
Tabasaran,Dyubek,kː,13
Tabasaran,Dyubek,l,160
Tabasaran,Dyubek,m,119
Tabasaran,Dyubek,n,109
Tabasaran,Dyubek,p,13
Tabasaran,Dyubek,p',4
Tabasaran,Dyubek,pː,1
Tabasaran,Dyubek,q,9
Tabasaran,Dyubek,q',38
Tabasaran,Dyubek,q'ˤ,14
Tabasaran,Dyubek,qː,7
Tabasaran,Dyubek,qːˤ,4
Tabasaran,Dyubek,qˤ,10
Tabasaran,Dyubek,r,197
Tabasaran,Dyubek,ʁ,14
Tabasaran,Dyubek,ʁʷ,1
Tabasaran,Dyubek,ʁˤ,4
Tabasaran,Dyubek,s,46
Tabasaran,Dyubek,š,39
Tabasaran,Dyubek,s̊,17
Tabasaran,Dyubek,s̊ː,1
Tabasaran,Dyubek,t,24
Tabasaran,Dyubek,t',26
Tabasaran,Dyubek,tː,11
Tabasaran,Dyubek,u,217
Tabasaran,Dyubek,ú,120
Tabasaran,Dyubek,ü,20
Tabasaran,Dyubek,ǘ,11
Tabasaran,Dyubek,uˤ,2
Tabasaran,Dyubek,w,55
Tabasaran,Dyubek,x,9
Tabasaran,Dyubek,z,17
Tabasaran,Dyubek,ž,9
Tabasaran,Dyubek,z̊,5
Tabasaran,Dyubek,ʒ,24
Tabasaran,Dyubek,ǯ,32
Tabasaran,Dyubek,ʒ̊,5
Tabasaran,Dyubek,ʔ,14
Tabasaran,Dyubek,χ,60
Tabasaran,Dyubek,χˤ,17
Tabasaran,Dyubek,NA,23
Tabasaran,Kondik,',1
Tabasaran,Kondik,a,262
Tabasaran,Kondik,á,97
Tabasaran,Kondik,aˤ,7
Tabasaran,Kondik,b,60
Tabasaran,Kondik,c,7
Tabasaran,Kondik,č,31
Tabasaran,Kondik,c̊,8
Tabasaran,Kondik,c',29
Tabasaran,Kondik,č',30
Tabasaran,Kondik,c̊',4
Tabasaran,Kondik,cː,8
Tabasaran,Kondik,čː,11
Tabasaran,Kondik,c̊ː,5
Tabasaran,Kondik,d,60
Tabasaran,Kondik,e,50
Tabasaran,Kondik,é,20
Tabasaran,Kondik,f,18
Tabasaran,Kondik,g,52
Tabasaran,Kondik,gʷ,3
Tabasaran,Kondik,ɣ,7
Tabasaran,Kondik,h,24
Tabasaran,Kondik,i,143
Tabasaran,Kondik,í,112
Tabasaran,Kondik,i̭,2
Tabasaran,Kondik,j,44
Tabasaran,Kondik,k,39
Tabasaran,Kondik,k',38
Tabasaran,Kondik,k'ʷ,7
Tabasaran,Kondik,kː,14
Tabasaran,Kondik,kʷ,4
Tabasaran,Kondik,l,146
Tabasaran,Kondik,m,120
Tabasaran,Kondik,n,130
Tabasaran,Kondik,p,16
Tabasaran,Kondik,p',4
Tabasaran,Kondik,pː,6
Tabasaran,Kondik,q,8
Tabasaran,Kondik,q',37
Tabasaran,Kondik,q'ʷ,1
Tabasaran,Kondik,q'ʷˤ,1
Tabasaran,Kondik,q'ˤ,17
Tabasaran,Kondik,qː,4
Tabasaran,Kondik,qːˤ,7
Tabasaran,Kondik,qʷ,4
Tabasaran,Kondik,qʷˤ,2
Tabasaran,Kondik,qˤ,8
Tabasaran,Kondik,r,214
Tabasaran,Kondik,r̭,3
Tabasaran,Kondik,ʁ,45
Tabasaran,Kondik,ʁʷ,6
Tabasaran,Kondik,ʁˤ,28
Tabasaran,Kondik,s,44
Tabasaran,Kondik,š,50
Tabasaran,Kondik,s̊,22
Tabasaran,Kondik,t,20
Tabasaran,Kondik,t',31
Tabasaran,Kondik,tː,15
Tabasaran,Kondik,u,185
Tabasaran,Kondik,ú,61
Tabasaran,Kondik,ü,14
Tabasaran,Kondik,ǘ,1
Tabasaran,Kondik,ṷ,18
Tabasaran,Kondik,ṷ̈,2
Tabasaran,Kondik,uˤ,1
Tabasaran,Kondik,ṷˤ,1
Tabasaran,Kondik,v,1
Tabasaran,Kondik,w,23
Tabasaran,Kondik,x,12
Tabasaran,Kondik,z,30
Tabasaran,Kondik,ž,6
Tabasaran,Kondik,z̊,2
Tabasaran,Kondik,ʒ,5
Tabasaran,Kondik,ǯ,39
Tabasaran,Kondik,ʒ̊,5
Tabasaran,Kondik,ʔ,17
Tabasaran,Kondik,χ,68
Tabasaran,Kondik,χʷ,2
Tabasaran,Kondik,χˤ,16
Tabasaran,Kondik,NA,26
Tindi,Tindi,a,606
Tindi,Tindi,á,2
Tindi,Tindi,ã,1
Tindi,Tindi,aː,13
Tindi,Tindi,ãː,1
Tindi,Tindi,b,102
Tindi,Tindi,c,43
Tindi,Tindi,č,27
Tindi,Tindi,c',24
Tindi,Tindi,č',21
Tindi,Tindi,č'ʷ,1
Tindi,Tindi,čː,12
Tindi,Tindi,čʷ,2
Tindi,Tindi,d,7
Tindi,Tindi,e,113
Tindi,Tindi,ẽ,2
Tindi,Tindi,eː,5
Tindi,Tindi,g,9
Tindi,Tindi,gʲ,11
Tindi,Tindi,gʷ,6
Tindi,Tindi,h,95
Tindi,Tindi,hʷ,2
Tindi,Tindi,ʜ,7
Tindi,Tindi,i,238
Tindi,Tindi,ĩ,5
Tindi,Tindi,ĩː,2
Tindi,Tindi,j,36
Tindi,Tindi,k,17
Tindi,Tindi,k',12
Tindi,Tindi,k'ʲ,32
Tindi,Tindi,k'ʷ,12
Tindi,Tindi,kː,9
Tindi,Tindi,kːʲ,6
Tindi,Tindi,kːʷ,3
Tindi,Tindi,kʲ,20
Tindi,Tindi,kʲ',1
Tindi,Tindi,kʲʷ,1
Tindi,Tindi,kʷ,20
Tindi,Tindi,l,73
Tindi,Tindi,ʟ,17
Tindi,Tindi,ʟ',44
Tindi,Tindi,ʟ'ʷ,2
Tindi,Tindi,ɬ,27
Tindi,Tindi,ɬː,2
Tindi,Tindi,m,77
Tindi,Tindi,n,144
Tindi,Tindi,o,44
Tindi,Tindi,oː,2
Tindi,Tindi,p,10
Tindi,Tindi,q,17
Tindi,Tindi,q',36
Tindi,Tindi,q'ʷ,8
Tindi,Tindi,qʷ,1
Tindi,Tindi,r,132
Tindi,Tindi,ʁ,28
Tindi,Tindi,ʁʷ,7
Tindi,Tindi,s,31
Tindi,Tindi,š,7
Tindi,Tindi,sː,17
Tindi,Tindi,šː,15
Tindi,Tindi,sːʷ,1
Tindi,Tindi,t,21
Tindi,Tindi,t',29
Tindi,Tindi,u,190
Tindi,Tindi,ũ,8
Tindi,Tindi,uː,1
Tindi,Tindi,w,15
Tindi,Tindi,xː,4
Tindi,Tindi,xːʲ,1
Tindi,Tindi,xːʷ,1
Tindi,Tindi,z,15
Tindi,Tindi,ž,15
Tindi,Tindi,žʷ,5
Tindi,Tindi,ʔʷ,2
Tindi,Tindi,ʕ,1
Tindi,Tindi,χ,30
Tindi,Tindi,χː,13
Tindi,Tindi,χːʷ,2
Tindi,Tindi,χʷ,7
Tindi,Tindi,NA,7
Tsakhur,Gelmets,a,445
Tsakhur,Gelmets,á,1
Tsakhur,Gelmets,ä,41
Tsakhur,Gelmets,aˤ,11
Tsakhur,Gelmets,b,54
Tsakhur,Gelmets,c,12
Tsakhur,Gelmets,č,37
Tsakhur,Gelmets,c',13
Tsakhur,Gelmets,č',25
Tsakhur,Gelmets,čː,1
Tsakhur,Gelmets,d,53
Tsakhur,Gelmets,dʲ,3
Tsakhur,Gelmets,e,75
Tsakhur,Gelmets,f,5
Tsakhur,Gelmets,g,60
Tsakhur,Gelmets,gʲ,1
Tsakhur,Gelmets,gʷ,1
Tsakhur,Gelmets,ɢ,24
Tsakhur,Gelmets,ɢˤ,2
Tsakhur,Gelmets,ɣ,6
Tsakhur,Gelmets,h,10
Tsakhur,Gelmets,i,138
Tsakhur,Gelmets,ɨ,149
Tsakhur,Gelmets,ɨ́,1
Tsakhur,Gelmets,ɨˤ,4
Tsakhur,Gelmets,j,76
Tsakhur,Gelmets,k,70
Tsakhur,Gelmets,k',43
Tsakhur,Gelmets,k'ʲ,3
Tsakhur,Gelmets,k'ʷ,5
Tsakhur,Gelmets,kː,3
Tsakhur,Gelmets,kʲ,4
Tsakhur,Gelmets,kʷ,3
Tsakhur,Gelmets,l,80
Tsakhur,Gelmets,lʲ,33
Tsakhur,Gelmets,m,92
Tsakhur,Gelmets,n,110
Tsakhur,Gelmets,nʲ,18
Tsakhur,Gelmets,o,54
Tsakhur,Gelmets,oˤ,5
Tsakhur,Gelmets,p,18
Tsakhur,Gelmets,p',2
Tsakhur,Gelmets,q,5
Tsakhur,Gelmets,q',33
Tsakhur,Gelmets,q'ʷ,5
Tsakhur,Gelmets,q'ʷˤ,1
Tsakhur,Gelmets,q'ˤ,14
Tsakhur,Gelmets,qː,3
Tsakhur,Gelmets,qːˤ,1
Tsakhur,Gelmets,qʷ,2
Tsakhur,Gelmets,qʷˤ,1
Tsakhur,Gelmets,qˤ,9
Tsakhur,Gelmets,r,135
Tsakhur,Gelmets,ʁ,34
Tsakhur,Gelmets,ʁʷ,1
Tsakhur,Gelmets,ʁˤ,10
Tsakhur,Gelmets,s,52
Tsakhur,Gelmets,š,27
Tsakhur,Gelmets,sː,2
Tsakhur,Gelmets,šː,3
Tsakhur,Gelmets,sʲ,1
Tsakhur,Gelmets,t,32
Tsakhur,Gelmets,t',35
Tsakhur,Gelmets,t'ʲ,5
Tsakhur,Gelmets,tː,3
Tsakhur,Gelmets,tʲ,9
Tsakhur,Gelmets,tʷ,1
Tsakhur,Gelmets,u,121
Tsakhur,Gelmets,ú,1
Tsakhur,Gelmets,uˤ,4
Tsakhur,Gelmets,v,3
Tsakhur,Gelmets,w,63
Tsakhur,Gelmets,x,25
Tsakhur,Gelmets,xː,2
Tsakhur,Gelmets,xːʷ,1
Tsakhur,Gelmets,xʲ,4
Tsakhur,Gelmets,z,30
Tsakhur,Gelmets,ž,10
Tsakhur,Gelmets,ǯ,20
Tsakhur,Gelmets,ǯʷ,1
Tsakhur,Gelmets,ʔ,5
Tsakhur,Gelmets,χ,48
Tsakhur,Gelmets,χː,1
Tsakhur,Gelmets,χːˤ,1
Tsakhur,Gelmets,χʷ,3
Tsakhur,Gelmets,χʷˤ,1
Tsakhur,Gelmets,χˤ,18
Tsakhur,Gelmets,NA,9
Tsakhur,Mikik,a,432
Tsakhur,Mikik,á,2
Tsakhur,Mikik,aː,14
Tsakhur,Mikik,aːˤ,2
Tsakhur,Mikik,aˤ,14
Tsakhur,Mikik,b,61
Tsakhur,Mikik,c,13
Tsakhur,Mikik,č,40
Tsakhur,Mikik,c',14
Tsakhur,Mikik,č',27
Tsakhur,Mikik,čː,1
Tsakhur,Mikik,d,54
Tsakhur,Mikik,dʲ,6
Tsakhur,Mikik,e,114
Tsakhur,Mikik,é,1
Tsakhur,Mikik,eː,4
Tsakhur,Mikik,f,2
Tsakhur,Mikik,g,47
Tsakhur,Mikik,gʲ,2
Tsakhur,Mikik,ɢ,23
Tsakhur,Mikik,ɢˤ,3
Tsakhur,Mikik,ɣ,26
Tsakhur,Mikik,h,10
Tsakhur,Mikik,i,113
Tsakhur,Mikik,iː,11
Tsakhur,Mikik,ɨ,175
Tsakhur,Mikik,ɨ́,1
Tsakhur,Mikik,ɨˤ,3
Tsakhur,Mikik,j,66
Tsakhur,Mikik,k,79
Tsakhur,Mikik,k',48
Tsakhur,Mikik,k'ʲ,3
Tsakhur,Mikik,k'ʷ,5
Tsakhur,Mikik,kː,4
Tsakhur,Mikik,kʲ,5
Tsakhur,Mikik,kʷ,4
Tsakhur,Mikik,l,78
Tsakhur,Mikik,lʲ,43
Tsakhur,Mikik,m,88
Tsakhur,Mikik,n,123
Tsakhur,Mikik,nʲ,9
Tsakhur,Mikik,nɏ,2
Tsakhur,Mikik,o,62
Tsakhur,Mikik,oː,3
Tsakhur,Mikik,oːˤ,1
Tsakhur,Mikik,oˤ,6
Tsakhur,Mikik,p,17
Tsakhur,Mikik,p',1
Tsakhur,Mikik,q,4
Tsakhur,Mikik,q',28
Tsakhur,Mikik,q'ʷ,5
Tsakhur,Mikik,q'ʷˤ,1
Tsakhur,Mikik,q'ˤ,14
Tsakhur,Mikik,qː,2
Tsakhur,Mikik,qːˤ,1
Tsakhur,Mikik,qʷ,1
Tsakhur,Mikik,qˤ,8
Tsakhur,Mikik,r,127
Tsakhur,Mikik,ʁ,39
Tsakhur,Mikik,ʁˤ,9
Tsakhur,Mikik,s,47
Tsakhur,Mikik,š,28
Tsakhur,Mikik,sː,2
Tsakhur,Mikik,šː,3
Tsakhur,Mikik,sʲ,4
Tsakhur,Mikik,t,33
Tsakhur,Mikik,t',41
Tsakhur,Mikik,t'ʲ,5
Tsakhur,Mikik,t'ʷ,1
Tsakhur,Mikik,tː,4
Tsakhur,Mikik,tʲ,11
Tsakhur,Mikik,u,136
Tsakhur,Mikik,ú,1
Tsakhur,Mikik,uˤ,4
Tsakhur,Mikik,w,74
Tsakhur,Mikik,x,31
Tsakhur,Mikik,xː,3
Tsakhur,Mikik,xːʷ,1
Tsakhur,Mikik,xʲ,3
Tsakhur,Mikik,z,37
Tsakhur,Mikik,ž,10
Tsakhur,Mikik,ǯ,18
Tsakhur,Mikik,ʔ,6
Tsakhur,Mikik,χ,52
Tsakhur,Mikik,χː,1
Tsakhur,Mikik,χːˤ,1
Tsakhur,Mikik,χʷ,2
Tsakhur,Mikik,χˤ,25
Tsakhur,Mikik,NA,14
Tsakhur,Tsakhur,a,431
Tsakhur,Tsakhur,á,2
Tsakhur,Tsakhur,aː,9
Tsakhur,Tsakhur,aˤ,14
Tsakhur,Tsakhur,b,62
Tsakhur,Tsakhur,c,15
Tsakhur,Tsakhur,č,39
Tsakhur,Tsakhur,c',12
Tsakhur,Tsakhur,č',23
Tsakhur,Tsakhur,čː,1
Tsakhur,Tsakhur,d,60
Tsakhur,Tsakhur,dʲ,6
Tsakhur,Tsakhur,e,112
Tsakhur,Tsakhur,eː,3
Tsakhur,Tsakhur,f,2
Tsakhur,Tsakhur,g,66
Tsakhur,Tsakhur,gʲ,1
Tsakhur,Tsakhur,ɢ,28
Tsakhur,Tsakhur,ɢˤ,5
Tsakhur,Tsakhur,ɣ,7
Tsakhur,Tsakhur,h,10
Tsakhur,Tsakhur,i,129
Tsakhur,Tsakhur,iː,1
Tsakhur,Tsakhur,ɨ,128
Tsakhur,Tsakhur,ɨ́,1
Tsakhur,Tsakhur,ɨː,1
Tsakhur,Tsakhur,ɨˤ,3
Tsakhur,Tsakhur,j,67
Tsakhur,Tsakhur,k,68
Tsakhur,Tsakhur,k',47
Tsakhur,Tsakhur,k'ʲ,3
Tsakhur,Tsakhur,k'ʷ,4
Tsakhur,Tsakhur,kː,4
Tsakhur,Tsakhur,kːʷ,1
Tsakhur,Tsakhur,kʲ,7
Tsakhur,Tsakhur,kʷ,2
Tsakhur,Tsakhur,l,77
Tsakhur,Tsakhur,lʲ,38
Tsakhur,Tsakhur,m,93
Tsakhur,Tsakhur,n,111
Tsakhur,Tsakhur,nʲ,11
Tsakhur,Tsakhur,o,61
Tsakhur,Tsakhur,oː,2
Tsakhur,Tsakhur,oˤ,5
Tsakhur,Tsakhur,p,17
Tsakhur,Tsakhur,p',1
Tsakhur,Tsakhur,q,3
Tsakhur,Tsakhur,q',30
Tsakhur,Tsakhur,q'ʷ,5
Tsakhur,Tsakhur,q'ʷˤ,2
Tsakhur,Tsakhur,q'ˤ,14
Tsakhur,Tsakhur,qː,2
Tsakhur,Tsakhur,qːˤ,1
Tsakhur,Tsakhur,qʷ,1
Tsakhur,Tsakhur,qˤ,9
Tsakhur,Tsakhur,r,130
Tsakhur,Tsakhur,ʁ,30
Tsakhur,Tsakhur,ʁˤ,4
Tsakhur,Tsakhur,s,40
Tsakhur,Tsakhur,š,28
Tsakhur,Tsakhur,sː,3
Tsakhur,Tsakhur,šː,4
Tsakhur,Tsakhur,sʲ,6
Tsakhur,Tsakhur,t,35
Tsakhur,Tsakhur,t',36
Tsakhur,Tsakhur,t'ʲ,5
Tsakhur,Tsakhur,tː,3
Tsakhur,Tsakhur,tʲ,8
Tsakhur,Tsakhur,tʷ,1
Tsakhur,Tsakhur,u,143
Tsakhur,Tsakhur,ú,1
Tsakhur,Tsakhur,uˤ,2
Tsakhur,Tsakhur,w,65
Tsakhur,Tsakhur,x,25
Tsakhur,Tsakhur,xː,2
Tsakhur,Tsakhur,xːʷ,1
Tsakhur,Tsakhur,xʲ,4
Tsakhur,Tsakhur,xʷ,1
Tsakhur,Tsakhur,z,33
Tsakhur,Tsakhur,ž,3
Tsakhur,Tsakhur,zʲ,1
Tsakhur,Tsakhur,ǯ,28
Tsakhur,Tsakhur,ʔ,5
Tsakhur,Tsakhur,χ,49
Tsakhur,Tsakhur,χː,1
Tsakhur,Tsakhur,χːˤ,1
Tsakhur,Tsakhur,χʷ,2
Tsakhur,Tsakhur,χˤ,24
Tsakhur,Tsakhur,NA,13
Tsez,Kidero,a,237
Tsez,Kidero,aˤ,10
Tsez,Kidero,b,63
Tsez,Kidero,c,42
Tsez,Kidero,č,30
Tsez,Kidero,c',25
Tsez,Kidero,č',30
Tsez,Kidero,č'ʷ,1
Tsez,Kidero,d,39
Tsez,Kidero,e,152
Tsez,Kidero,eˤ,3
Tsez,Kidero,g,34
Tsez,Kidero,gʷ,2
Tsez,Kidero,h,22
Tsez,Kidero,ʜ,44
Tsez,Kidero,i,265
Tsez,Kidero,iˤ,1
Tsez,Kidero,j,44
Tsez,Kidero,k,56
Tsez,Kidero,k',51
Tsez,Kidero,k'ʷ,1
Tsez,Kidero,kʷ,2
Tsez,Kidero,l,52
Tsez,Kidero,ʟ,39
Tsez,Kidero,ʟ',28
Tsez,Kidero,ɬ,20
Tsez,Kidero,m,93
Tsez,Kidero,n,62
Tsez,Kidero,o,176
Tsez,Kidero,oˤ,6
Tsez,Kidero,p,4
Tsez,Kidero,p',3
Tsez,Kidero,q,22
Tsez,Kidero,q',21
Tsez,Kidero,q'ʷ,1
Tsez,Kidero,q'ʷˤ,3
Tsez,Kidero,q'ˤ,13
Tsez,Kidero,qˤ,12
Tsez,Kidero,r,139
Tsez,Kidero,ʁ,25
Tsez,Kidero,ʁʷˤ,2
Tsez,Kidero,ʁˤ,14
Tsez,Kidero,s,31
Tsez,Kidero,š,37
Tsez,Kidero,t,17
Tsez,Kidero,t',44
Tsez,Kidero,u,238
Tsez,Kidero,uˤ,3
Tsez,Kidero,w,12
Tsez,Kidero,z,26
Tsez,Kidero,ž,15
Tsez,Kidero,ʕ,22
Tsez,Kidero,χ,33
Tsez,Kidero,NA,18
Tukita,Tukita,a,373
Tukita,Tukita,ã,1
Tukita,Tukita,b,74
Tukita,Tukita,c,10
Tukita,Tukita,č,27
Tukita,Tukita,c',19
Tukita,Tukita,č',23
Tukita,Tukita,c'ː,28
Tukita,Tukita,č'ː,7
Tukita,Tukita,c'ʲ,1
Tukita,Tukita,cː,5
Tukita,Tukita,čː,5
Tukita,Tukita,čːʷ,1
Tukita,Tukita,čʷ,3
Tukita,Tukita,d,37
Tukita,Tukita,e,103
Tukita,Tukita,g,21
Tukita,Tukita,gʲ,3
Tukita,Tukita,gʷ,2
Tukita,Tukita,h,69
Tukita,Tukita,ħ,21
Tukita,Tukita,i,307
Tukita,Tukita,ĩ,2
Tukita,Tukita,j,18
Tukita,Tukita,k,39
Tukita,Tukita,k',18
Tukita,Tukita,k'ː,8
Tukita,Tukita,k'ːʷ,1
Tukita,Tukita,k'ʲ,12
Tukita,Tukita,k'ʷ,8
Tukita,Tukita,kː,3
Tukita,Tukita,kʲ,5
Tukita,Tukita,kʷ,1
Tukita,Tukita,l,77
Tukita,Tukita,ʟ,6
Tukita,Tukita,ʟ',36
Tukita,Tukita,ɬ,23
Tukita,Tukita,m,61
Tukita,Tukita,n,145
Tukita,Tukita,o,69
Tukita,Tukita,p,15
Tukita,Tukita,q,23
Tukita,Tukita,q',35
Tukita,Tukita,q'ʷ,1
Tukita,Tukita,r,182
Tukita,Tukita,ʁ,32
Tukita,Tukita,ʁʷ,1
Tukita,Tukita,s,29
Tukita,Tukita,š,3
Tukita,Tukita,sː,8
Tukita,Tukita,šː,18
Tukita,Tukita,šːʲ,1
Tukita,Tukita,t,15
Tukita,Tukita,t',33
Tukita,Tukita,u,214
Tukita,Tukita,ũ,5
Tukita,Tukita,w,11
Tukita,Tukita,x,16
Tukita,Tukita,xʲ,9
Tukita,Tukita,xʷ,4
Tukita,Tukita,z,12
Tukita,Tukita,ž,21
Tukita,Tukita,zʲ,1
Tukita,Tukita,ʔ,8
Tukita,Tukita,ʕ,45
Tukita,Tukita,χ,19
Tukita,Tukita,χː,11
Tukita,Tukita,χʷ,1
Tukita,Tukita,NA,5
Udi,Nidzh,a,254
Udi,Nidzh,ä,92
Udi,Nidzh,ã,1
Udi,Nidzh,aː,1
Udi,Nidzh,äː,1
Udi,Nidzh,aˤ,13
Udi,Nidzh,äˤ,1
Udi,Nidzh,b,50
Udi,Nidzh,c,7
Udi,Nidzh,č,35
Udi,Nidzh,č̃,17
Udi,Nidzh,c̃,19
Udi,Nidzh,čː,1
Udi,Nidzh,čːˤ,3
Udi,Nidzh,čˤ,5
Udi,Nidzh,č̃ˤ,6
Udi,Nidzh,d,48
Udi,Nidzh,e,68
Udi,Nidzh,eˤ,7
Udi,Nidzh,f,5
Udi,Nidzh,g,31
Udi,Nidzh,gʲ,1
Udi,Nidzh,h,4
Udi,Nidzh,i,137
Udi,Nidzh,í,1
Udi,Nidzh,iˤ,3
Udi,Nidzh,ɨ,23
Udi,Nidzh,j,66
Udi,Nidzh,k,36
Udi,Nidzh,k̃,64
Udi,Nidzh,k',1
Udi,Nidzh,kː,1
Udi,Nidzh,l,126
Udi,Nidzh,m,97
Udi,Nidzh,n,122
Udi,Nidzh,o,101
Udi,Nidzh,ö,12
Udi,Nidzh,oː,1
Udi,Nidzh,öː,2
Udi,Nidzh,p,31
Udi,Nidzh,p̃,16
Udi,Nidzh,q,14
Udi,Nidzh,q̃,55
Udi,Nidzh,qˤ,3
Udi,Nidzh,q̃ˤ,7
Udi,Nidzh,r,92
Udi,Nidzh,ʁ,46
Udi,Nidzh,ʁˤ,13
Udi,Nidzh,s,24
Udi,Nidzh,š,41
Udi,Nidzh,šˤ,8
Udi,Nidzh,t,32
Udi,Nidzh,t̃,42
Udi,Nidzh,u,122
Udi,Nidzh,ü,39
Udi,Nidzh,uː,1
Udi,Nidzh,v,17
Udi,Nidzh,z,34
Udi,Nidzh,ž,9
Udi,Nidzh,žˤ,12
Udi,Nidzh,ʒ,1
Udi,Nidzh,ǯ,12
Udi,Nidzh,ʔ,1
Udi,Nidzh,χ,41
Udi,Nidzh,χˤ,10
Udi,Nidzh,NA,49
